<?xml version="1.0" encoding="UTF-8"?>
<objects serializationModel="Studio.02.02.00">
	<object class="AudioFile" id="{62a06a59-2ac5-47a6-aa7c-df766414d98b}">
		<property name="assetPath">
			<value>AMBIANCES/SGA23_Ambiances_PICKUP_106BPM_OneShot.wav</value>
		</property>
		<property name="frequencyInKHz">
			<value>44.0999985</value>
		</property>
		<property name="channelCount">
			<value>2</value>
		</property>
		<property name="length">
			<value>4.5283219954648528</value>
		</property>
		<relationship name="masterAssetFolder">
			<destination>{b0e3d5d5-8038-4988-8385-843a4d74b79f}</destination>
		</relationship>
	</object>
</objects>
