<?xml version="1.0" encoding="UTF-8"?>
<objects serializationModel="Studio.02.02.00">
	<object class="AudioFile" id="{a2c264a4-5146-4330-8696-90f2febe4619}">
		<property name="assetPath">
			<value>AMBIANCES/SGA23_Ambiances_Montagne_106BPM_Loop.wav</value>
		</property>
		<property name="isStreaming">
			<value>true</value>
		</property>
		<property name="frequencyInKHz">
			<value>44.0999985</value>
		</property>
		<property name="channelCount">
			<value>2</value>
		</property>
		<property name="length">
			<value>40.754739229024942</value>
		</property>
		<relationship name="masterAssetFolder">
			<destination>{b0e3d5d5-8038-4988-8385-843a4d74b79f}</destination>
		</relationship>
	</object>
</objects>
