<?xml version="1.0" encoding="UTF-8"?>
<objects serializationModel="Studio.02.02.00">
	<object class="AudioFile" id="{f2b32cda-497f-4235-a0ee-5e4db01b6ffb}">
		<property name="assetPath">
			<value>AMBIANCES/SGA23_Ambiances_Desert_106BPM_Loop.wav</value>
		</property>
		<property name="frequencyInKHz">
			<value>44.0999985</value>
		</property>
		<property name="channelCount">
			<value>2</value>
		</property>
		<property name="length">
			<value>40.754739229024942</value>
		</property>
		<relationship name="masterAssetFolder">
			<destination>{b0e3d5d5-8038-4988-8385-843a4d74b79f}</destination>
		</relationship>
	</object>
</objects>
