<?xml version="1.0" encoding="UTF-8"?>
<objects serializationModel="Studio.02.02.00">
	<object class="MixerReturn" id="{80b32516-240e-41ab-b13c-b9c0b51f4092}">
		<property name="overridingInputFormat">
			<value>2</value>
		</property>
		<property name="name">
			<value>Reverb</value>
		</property>
		<relationship name="effectChain">
			<destination>{e549a260-1bd6-4b8d-85f3-429e351a73af}</destination>
		</relationship>
		<relationship name="panner">
			<destination>{e7899e7f-fcde-4021-825c-5bbb94644274}</destination>
		</relationship>
		<relationship name="output">
			<destination>{bd9bdeb9-5bcc-4029-bb3f-160d5bccdbfa}</destination>
		</relationship>
	</object>
	<object class="MixerBusEffectChain" id="{e549a260-1bd6-4b8d-85f3-429e351a73af}">
		<relationship name="effects">
			<destination>{500498d0-36dc-40ec-b932-5b5bdd2776a5}</destination>
			<destination>{f5d7cbc2-7766-40ff-ace9-35246c49f56d}</destination>
		</relationship>
	</object>
	<object class="MixerBusPanner" id="{e7899e7f-fcde-4021-825c-5bbb94644274}" />
	<object class="SFXReverbEffect" id="{500498d0-36dc-40ec-b932-5b5bdd2776a5}">
		<property name="wetLevel">
			<value>0</value>
		</property>
		<property name="dryLevel">
			<value>-80</value>
		</property>
	</object>
	<object class="MixerBusFader" id="{f5d7cbc2-7766-40ff-ace9-35246c49f56d}" />
</objects>
