<?xml version="1.0" encoding="UTF-8"?>
<objects serializationModel="Studio.02.02.00">
	<object class="EncodingSetting" id="{bbe56509-ea5d-4498-94bb-9989ca561dcc}">
		<property name="encodingFormat">
			<value>3</value>
		</property>
		<property name="quality">
			<value>37</value>
		</property>
		<relationship name="platform">
			<destination>{c92024f5-fe2d-4f7c-8db8-8b4fe4821c1f}</destination>
		</relationship>
		<relationship name="encodable">
			<destination>{c92024f5-fe2d-4f7c-8db8-8b4fe4821c1f}</destination>
		</relationship>
	</object>
</objects>
