<?xml version="1.0" encoding="UTF-8"?>
<objects serializationModel="Studio.02.02.00">
	<object class="ParameterPreset" id="{cca520d4-c571-4dee-a30d-77c54c5ecf4c}">
		<property name="name">
			<value>Environnement</value>
		</property>
		<relationship name="folder">
			<destination>{6be79872-a502-4627-a37a-ef1b3fd8d826}</destination>
		</relationship>
		<relationship name="parameter">
			<destination>{46fb3e90-0522-4502-952f-84b0c55da233}</destination>
		</relationship>
	</object>
	<object class="GameParameter" id="{46fb3e90-0522-4502-952f-84b0c55da233}">
		<property name="parameterType">
			<value>2</value>
		</property>
		<property name="maximum">
			<value>5</value>
		</property>
		<property name="enumerationLabels">
			<value>Désert</value>
			<value>Forêts</value>
			<value>Marais</value>
			<value>Montagnes</value>
			<value>PICKUP</value>
		</property>
		<property name="isGlobal">
			<value>true</value>
		</property>
		<property name="initialValue">
			<value>4</value>
		</property>
		<property name="isExposedRecursively">
			<value>false</value>
		</property>
	</object>
</objects>
