<?xml version="1.0" encoding="UTF-8"?>
<objects serializationModel="Studio.02.02.00">
	<object class="MixerMaster" id="{bd9bdeb9-5bcc-4029-bb3f-160d5bccdbfa}">
		<property name="name">
			<value>Master Bus</value>
		</property>
		<relationship name="effectChain">
			<destination>{a699aa48-5b23-45c5-bf9b-a8d4acfea180}</destination>
		</relationship>
		<relationship name="panner">
			<destination>{2225fc73-49a9-4b4c-87db-8790ed7aff7e}</destination>
		</relationship>
		<relationship name="mixer">
			<destination>{f7f5a56d-efb7-4dcc-a311-6a8e540f7ec2}</destination>
		</relationship>
	</object>
	<object class="MixerBusEffectChain" id="{a699aa48-5b23-45c5-bf9b-a8d4acfea180}">
		<relationship name="effects">
			<destination>{73105df0-b011-4242-85bc-106cbf0b743e}</destination>
		</relationship>
	</object>
	<object class="MixerBusPanner" id="{2225fc73-49a9-4b4c-87db-8790ed7aff7e}">
		<property name="overridingOutputFormat">
			<value>2</value>
		</property>
	</object>
	<object class="MixerBusFader" id="{73105df0-b011-4242-85bc-106cbf0b743e}" />
</objects>
